ID	Ore Dictionary	Display Name	Rarity	Description	Material	Item Type		
AIR		Air	1		AIR			
STONE	stone	Stone	1		STONE			
GRANITE	stone	Granite	1		GRANITE			
POLISHED_GRANITE		Polished Granite	1		POLISHED_GRANITE			
DIORITE	stone	Diorite	1		DIORITE			
POLISHED_DIORITE		Polished Diorite	1		POLISHED_DIORITE			
ANDESITE	stone	Andesite	1		ANDESITE			
POLISHED_ANDESITE		Polished Andesite	1		POLISHED_ANDESITE			
GRASS_BLOCK		Grass Block	1		GRASS_BLOCK			
DIRT		Dirt	1		DIRT			
COARSE_DIRT		Coarse Dirt	1		COARSE_DIRT			
PODZOL		Podzol	1		PODZOL			
CRIMSON_NYLIUM		Crimson Nylium	1		CRIMSON_NYLIUM			
WARPED_NYLIUM		Warped Nylium	1		WARPED_NYLIUM			
COBBLESTONE		Cobblestone	1		COBBLESTONE			
OAK_PLANKS	wood_plank	Oak Planks	1		OAK_PLANKS			
SPRUCE_PLANKS	wood_plank	Spruce Planks	1		SPRUCE_PLANKS			
BIRCH_PLANKS	wood_plank	Birch Planks	1		BIRCH_PLANKS			
JUNGLE_PLANKS	wood_plank	Jungle Planks	1		JUNGLE_PLANKS			
ACACIA_PLANKS	wood_plank	Acacia Planks	1		ACACIA_PLANKS			
DARK_OAK_PLANKS	wood_plank	Dark Oak Planks	1		DARK_OAK_PLANKS			
CRIMSON_PLANKS	wood_plank	Crimson Planks	1		CRIMSON_PLANKS			
WARPED_PLANKS	wood_plank	Warped Planks	1		WARPED_PLANKS			
OAK_SAPLING		Oak Sapling	1		OAK_SAPLING			
SPRUCE_SAPLING		Spruce Sapling	1		SPRUCE_SAPLING			
BIRCH_SAPLING		Birch Sapling	1		BIRCH_SAPLING			
JUNGLE_SAPLING		Jungle Sapling	1		JUNGLE_SAPLING			
ACACIA_SAPLING		Acacia Sapling	1		ACACIA_SAPLING			
DARK_OAK_SAPLING		Dark Oak Sapling	1		DARK_OAK_SAPLING			
BEDROCK		Bedrock	1		BEDROCK			
SAND		Sand	1		SAND			
RED_SAND		Red Sand	1		RED_SAND			
GRAVEL		Gravel	1		GRAVEL			
GOLD_ORE		Gold Ore	1		GOLD_ORE			
IRON_ORE		Iron Ore	1		IRON_ORE			
COAL_ORE		Coal Ore	1		COAL_ORE			
NETHER_GOLD_ORE		Nether Gold Ore	1		NETHER_GOLD_ORE			
OAK_LOG	wood_log	Oak Log	1		OAK_LOG			
SPRUCE_LOG	wood_log	Spruce Log	1		SPRUCE_LOG			
BIRCH_LOG	wood_log	Birch Log	1		BIRCH_LOG			
JUNGLE_LOG	wood_log	Jungle Log	1		JUNGLE_LOG			
ACACIA_LOG	wood_log	Acacia Log	1		ACACIA_LOG			
DARK_OAK_LOG	wood_log	Dark Oak Log	1		DARK_OAK_LOG			
CRIMSON_STEM	wood_log	Crimson Stem	1		CRIMSON_STEM			
WARPED_STEM	wood_log	Warped Stem	1		WARPED_STEM			
STRIPPED_OAK_LOG	stripped_log	Stripped Oak Log	1		STRIPPED_OAK_LOG			
STRIPPED_SPRUCE_LOG	stripped_log	Stripped Spruce Log	1		STRIPPED_SPRUCE_LOG			
STRIPPED_BIRCH_LOG	stripped_log	Stripped Birch Log	1		STRIPPED_BIRCH_LOG			
STRIPPED_JUNGLE_LOG	stripped_log	Stripped Jungle Log	1		STRIPPED_JUNGLE_LOG			
STRIPPED_ACACIA_LOG	stripped_log	Stripped Acacia Log	1		STRIPPED_ACACIA_LOG			
STRIPPED_DARK_OAK_LOG	stripped_log	Stripped Dark Oak Log	1		STRIPPED_DARK_OAK_LOG			
STRIPPED_CRIMSON_STEM	stripped_log	Stripped Crimson Stem	1		STRIPPED_CRIMSON_STEM			
STRIPPED_WARPED_STEM	stripped_log	Stripped Warped Stem	1		STRIPPED_WARPED_STEM			
STRIPPED_OAK_WOOD	stripped_omnilog	Stripped Oak Wood	1		STRIPPED_OAK_WOOD			
STRIPPED_SPRUCE_WOOD	stripped_omnilog	Stripped Spruce Wood	1		STRIPPED_SPRUCE_WOOD			
STRIPPED_BIRCH_WOOD	stripped_omnilog	Stripped Birch Wood	1		STRIPPED_BIRCH_WOOD			
STRIPPED_JUNGLE_WOOD	stripped_omnilog	Stripped Jungle Wood	1		STRIPPED_JUNGLE_WOOD			
STRIPPED_ACACIA_WOOD	stripped_omnilog	Stripped Acacia Wood	1		STRIPPED_ACACIA_WOOD			
STRIPPED_DARK_OAK_WOOD	stripped_omnilog	Stripped Dark Oak Wood	1		STRIPPED_DARK_OAK_WOOD			
STRIPPED_CRIMSON_HYPHAE	stripped_omnilog	Stripped Crimson Hyphae	1		STRIPPED_CRIMSON_HYPHAE			
STRIPPED_WARPED_HYPHAE	stripped_omnilog	Stripped Warped Hyphae	1		STRIPPED_WARPED_HYPHAE			
OAK_WOOD	wood_omnilog	Oak Wood	1		OAK_WOOD			
SPRUCE_WOOD	wood_omnilog	Spruce Wood	1		SPRUCE_WOOD			
BIRCH_WOOD	wood_omnilog	Birch Wood	1		BIRCH_WOOD			
JUNGLE_WOOD	wood_omnilog	Jungle Wood	1		JUNGLE_WOOD			
ACACIA_WOOD	wood_omnilog	Acacia Wood	1		ACACIA_WOOD			
DARK_OAK_WOOD	wood_omnilog	Dark Oak Wood	1		DARK_OAK_WOOD			
CRIMSON_HYPHAE	wood_omnilog	Crimson Hyphae	1		CRIMSON_HYPHAE			
WARPED_HYPHAE	wood_omnilog	Warped Hyphae	1		WARPED_HYPHAE			
OAK_LEAVES		Oak Leaves	1		OAK_LEAVES			
SPRUCE_LEAVES		Spruce Leaves	1		SPRUCE_LEAVES			
BIRCH_LEAVES		Birch Leaves	1		BIRCH_LEAVES			
JUNGLE_LEAVES		Jungle Leaves	1		JUNGLE_LEAVES			
ACACIA_LEAVES		Acacia Leaves	1		ACACIA_LEAVES			
DARK_OAK_LEAVES		Dark Oak Leaves	1		DARK_OAK_LEAVES			
SPONGE		Sponge	1		SPONGE			
WET_SPONGE		Wet Sponge	1		WET_SPONGE			
GLASS		Glass	1		GLASS			
LAPIS_ORE		Lapis Ore	1		LAPIS_ORE			
LAPIS_BLOCK		Lapis Block	1		LAPIS_BLOCK			
DISPENSER		Dispenser	1		DISPENSER			
SANDSTONE		Sandstone	1		SANDSTONE			
CHISELED_SANDSTONE		Chiseled Sandstone	1		CHISELED_SANDSTONE			
CUT_SANDSTONE		Cut Sandstone	1		CUT_SANDSTONE			
NOTE_BLOCK		Note Block	1		NOTE_BLOCK			
POWERED_RAIL		Powered Rail	1		POWERED_RAIL			
DETECTOR_RAIL		Detector Rail	1		DETECTOR_RAIL			
STICKY_PISTON		Sticky Piston	1		STICKY_PISTON			
COBWEB		Cobweb	1		COBWEB			
GRASS		Grass	1		GRASS			
FERN		Fern	1		FERN			
DEAD_BUSH		Dead Bush	1		DEAD_BUSH			
SEAGRASS		Seagrass	1		SEAGRASS			
SEA_PICKLE		Sea Pickle	1		SEA_PICKLE			
PISTON		Piston	1		PISTON			
WHITE_WOOL		White Wool	1		WHITE_WOOL			
ORANGE_WOOL		Orange Wool	1		ORANGE_WOOL			
MAGENTA_WOOL		Magenta Wool	1		MAGENTA_WOOL			
LIGHT_BLUE_WOOL		Light Blue Wool	1		LIGHT_BLUE_WOOL			
YELLOW_WOOL		Yellow Wool	1		YELLOW_WOOL			
LIME_WOOL		Lime Wool	1		LIME_WOOL			
PINK_WOOL		Pink Wool	1		PINK_WOOL			
GRAY_WOOL		Gray Wool	1		GRAY_WOOL			
LIGHT_GRAY_WOOL		Light Gray Wool	1		LIGHT_GRAY_WOOL			
CYAN_WOOL		Cyan Wool	1		CYAN_WOOL			
PURPLE_WOOL		Purple Wool	1		PURPLE_WOOL			
BLUE_WOOL		Blue Wool	1		BLUE_WOOL			
BROWN_WOOL		Brown Wool	1		BROWN_WOOL			
GREEN_WOOL		Green Wool	1		GREEN_WOOL			
RED_WOOL		Red Wool	1		RED_WOOL			
BLACK_WOOL		Black Wool	1		BLACK_WOOL			
DANDELION		Dandelion	1		DANDELION			
POPPY		Poppy	1		POPPY			
BLUE_ORCHID		Blue Orchid	1		BLUE_ORCHID			
ALLIUM		Allium	1		ALLIUM			
AZURE_BLUET		Azure Bluet	1		AZURE_BLUET			
RED_TULIP		Red Tulip	1		RED_TULIP			
ORANGE_TULIP		Orange Tulip	1		ORANGE_TULIP			
WHITE_TULIP		White Tulip	1		WHITE_TULIP			
PINK_TULIP		Pink Tulip	1		PINK_TULIP			
OXEYE_DAISY		Oxeye Daisy	1		OXEYE_DAISY			
CORNFLOWER		Cornflower	1		CORNFLOWER			
LILY_OF_THE_VALLEY		Lily Of The Valley	1		LILY_OF_THE_VALLEY			
WITHER_ROSE		Wither Rose	1		WITHER_ROSE			
BROWN_MUSHROOM		Brown Mushroom	1		BROWN_MUSHROOM			
RED_MUSHROOM		Red Mushroom	1		RED_MUSHROOM			
CRIMSON_FUNGUS		Crimson Fungus	1		CRIMSON_FUNGUS			
WARPED_FUNGUS		Warped Fungus	1		WARPED_FUNGUS			
CRIMSON_ROOTS		Crimson Roots	1		CRIMSON_ROOTS			
WARPED_ROOTS		Warped Roots	1		WARPED_ROOTS			
NETHER_SPROUTS		Nether Sprouts	1		NETHER_SPROUTS			
WEEPING_VINES		Weeping Vines	1		WEEPING_VINES			
TWISTING_VINES		Twisting Vines	1		TWISTING_VINES			
SUGAR_CANE		Sugar Cane	1		SUGAR_CANE			
KELP		Kelp	1		KELP			
BAMBOO		Bamboo	1		BAMBOO			
GOLD_BLOCK		Gold Block	1		GOLD_BLOCK			
IRON_BLOCK		Iron Block	1		IRON_BLOCK			
OAK_SLAB		Oak Slab	1		OAK_SLAB			
SPRUCE_SLAB		Spruce Slab	1		SPRUCE_SLAB			
BIRCH_SLAB		Birch Slab	1		BIRCH_SLAB			
JUNGLE_SLAB		Jungle Slab	1		JUNGLE_SLAB			
ACACIA_SLAB		Acacia Slab	1		ACACIA_SLAB			
DARK_OAK_SLAB		Dark Oak Slab	1		DARK_OAK_SLAB			
CRIMSON_SLAB		Crimson Slab	1		CRIMSON_SLAB			
WARPED_SLAB		Warped Slab	1		WARPED_SLAB			
STONE_SLAB		Stone Slab	1		STONE_SLAB			
SMOOTH_STONE_SLAB		Smooth Stone Slab	1		SMOOTH_STONE_SLAB			
SANDSTONE_SLAB		Sandstone Slab	1		SANDSTONE_SLAB			
CUT_SANDSTONE_SLAB		Cut Sandstone Slab	1		CUT_SANDSTONE_SLAB			
PETRIFIED_OAK_SLAB		Petrified Oak Slab	1		PETRIFIED_OAK_SLAB			
COBBLESTONE_SLAB		Cobblestone Slab	1		COBBLESTONE_SLAB			
BRICK_SLAB		Brick Slab	1		BRICK_SLAB			
STONE_BRICK_SLAB		Stone Brick Slab	1		STONE_BRICK_SLAB			
NETHER_BRICK_SLAB		Nether Brick Slab	1		NETHER_BRICK_SLAB			
QUARTZ_SLAB		Quartz Slab	1		QUARTZ_SLAB			
RED_SANDSTONE_SLAB		Red Sandstone Slab	1		RED_SANDSTONE_SLAB			
CUT_RED_SANDSTONE_SLAB		Cut Red Sandstone Slab	1		CUT_RED_SANDSTONE_SLAB			
PURPUR_SLAB		Purpur Slab	1		PURPUR_SLAB			
PRISMARINE_SLAB		Prismarine Slab	1		PRISMARINE_SLAB			
PRISMARINE_BRICK_SLAB		Prismarine Brick Slab	1		PRISMARINE_BRICK_SLAB			
DARK_PRISMARINE_SLAB		Dark Prismarine Slab	1		DARK_PRISMARINE_SLAB			
SMOOTH_QUARTZ		Smooth Quartz	1		SMOOTH_QUARTZ			
SMOOTH_RED_SANDSTONE		Smooth Red Sandstone	1		SMOOTH_RED_SANDSTONE			
SMOOTH_SANDSTONE		Smooth Sandstone	1		SMOOTH_SANDSTONE			
SMOOTH_STONE		Smooth Stone	1		SMOOTH_STONE			
BRICKS		Bricks	1		BRICKS			
TNT		Tnt	1		TNT			
BOOKSHELF		Bookshelf	1		BOOKSHELF			
MOSSY_COBBLESTONE		Mossy Cobblestone	1		MOSSY_COBBLESTONE			
OBSIDIAN		Obsidian	1		OBSIDIAN			
TORCH		Torch	1		TORCH			
END_ROD		End Rod	1		END_ROD			
CHORUS_PLANT		Chorus Plant	1		CHORUS_PLANT			
CHORUS_FLOWER		Chorus Flower	1		CHORUS_FLOWER			
PURPUR_BLOCK		Purpur Block	1		PURPUR_BLOCK			
PURPUR_PILLAR		Purpur Pillar	1		PURPUR_PILLAR			
PURPUR_STAIRS		Purpur Stairs	1		PURPUR_STAIRS			
SPAWNER		Spawner	1		SPAWNER			
OAK_STAIRS		Oak Stairs	1		OAK_STAIRS			
CHEST		Chest	1		CHEST			
DIAMOND_ORE		Diamond Ore	1		DIAMOND_ORE			
DIAMOND_BLOCK		Diamond Block	1		DIAMOND_BLOCK			
CRAFTING_TABLE		Crafting Table	1		CRAFTING_TABLE			
FARMLAND		Farmland	1		FARMLAND			
FURNACE		Furnace	1		FURNACE			
LADDER		Ladder	1		LADDER			
RAIL		Rail	1		RAIL			
COBBLESTONE_STAIRS		Cobblestone Stairs	1		COBBLESTONE_STAIRS			
LEVER		Lever	1		LEVER			
STONE_PRESSURE_PLATE		Stone Pressure Plate	1		STONE_PRESSURE_PLATE			
OAK_PRESSURE_PLATE		Oak Pressure Plate	1		OAK_PRESSURE_PLATE			
SPRUCE_PRESSURE_PLATE		Spruce Pressure Plate	1		SPRUCE_PRESSURE_PLATE			
BIRCH_PRESSURE_PLATE		Birch Pressure Plate	1		BIRCH_PRESSURE_PLATE			
JUNGLE_PRESSURE_PLATE		Jungle Pressure Plate	1		JUNGLE_PRESSURE_PLATE			
ACACIA_PRESSURE_PLATE		Acacia Pressure Plate	1		ACACIA_PRESSURE_PLATE			
DARK_OAK_PRESSURE_PLATE		Dark Oak Pressure Plate	1		DARK_OAK_PRESSURE_PLATE			
CRIMSON_PRESSURE_PLATE		Crimson Pressure Plate	1		CRIMSON_PRESSURE_PLATE			
WARPED_PRESSURE_PLATE		Warped Pressure Plate	1		WARPED_PRESSURE_PLATE			
POLISHED_BLACKSTONE_PRESSURE_PLATE		Polished Blackstone Pressure Plate	1		POLISHED_BLACKSTONE_PRESSURE_PLATE			
REDSTONE_ORE		Redstone Ore	1		REDSTONE_ORE			
REDSTONE_TORCH		Redstone Torch	1		REDSTONE_TORCH			
SNOW		Snow	1		SNOW			
ICE		Ice	1		ICE			
SNOW_BLOCK		Snow Block	1		SNOW_BLOCK			
CACTUS		Cactus	1		CACTUS			
CLAY		Clay	1		CLAY			
JUKEBOX		Jukebox	1		JUKEBOX			
OAK_FENCE		Oak Fence	1		OAK_FENCE			
SPRUCE_FENCE		Spruce Fence	1		SPRUCE_FENCE			
BIRCH_FENCE		Birch Fence	1		BIRCH_FENCE			
JUNGLE_FENCE		Jungle Fence	1		JUNGLE_FENCE			
ACACIA_FENCE		Acacia Fence	1		ACACIA_FENCE			
DARK_OAK_FENCE		Dark Oak Fence	1		DARK_OAK_FENCE			
CRIMSON_FENCE		Crimson Fence	1		CRIMSON_FENCE			
WARPED_FENCE		Warped Fence	1		WARPED_FENCE			
PUMPKIN		Pumpkin	1		PUMPKIN			
CARVED_PUMPKIN		Carved Pumpkin	1		CARVED_PUMPKIN			
NETHERRACK		Netherrack	1		NETHERRACK			
SOUL_SAND		Soul Sand	1		SOUL_SAND			
SOUL_SOIL		Soul Soil	1		SOUL_SOIL			
BASALT		Basalt	1		BASALT			
POLISHED_BASALT		Polished Basalt	1		POLISHED_BASALT			
SOUL_TORCH		Soul Torch	1		SOUL_TORCH			
GLOWSTONE		Glowstone	1		GLOWSTONE			
JACK_O_LANTERN		Jack O Lantern	1		JACK_O_LANTERN			
OAK_TRAPDOOR		Oak Trapdoor	1		OAK_TRAPDOOR			
SPRUCE_TRAPDOOR		Spruce Trapdoor	1		SPRUCE_TRAPDOOR			
BIRCH_TRAPDOOR		Birch Trapdoor	1		BIRCH_TRAPDOOR			
JUNGLE_TRAPDOOR		Jungle Trapdoor	1		JUNGLE_TRAPDOOR			
ACACIA_TRAPDOOR		Acacia Trapdoor	1		ACACIA_TRAPDOOR			
DARK_OAK_TRAPDOOR		Dark Oak Trapdoor	1		DARK_OAK_TRAPDOOR			
CRIMSON_TRAPDOOR		Crimson Trapdoor	1		CRIMSON_TRAPDOOR			
WARPED_TRAPDOOR		Warped Trapdoor	1		WARPED_TRAPDOOR			
INFESTED_STONE		Infested Stone	1		INFESTED_STONE			
INFESTED_COBBLESTONE		Infested Cobblestone	1		INFESTED_COBBLESTONE			
INFESTED_STONE_BRICKS		Infested Stone Bricks	1		INFESTED_STONE_BRICKS			
INFESTED_MOSSY_STONE_BRICKS		Infested Mossy Stone Bricks	1		INFESTED_MOSSY_STONE_BRICKS			
INFESTED_CRACKED_STONE_BRICKS		Infested Cracked Stone Bricks	1		INFESTED_CRACKED_STONE_BRICKS			
INFESTED_CHISELED_STONE_BRICKS		Infested Chiseled Stone Bricks	1		INFESTED_CHISELED_STONE_BRICKS			
STONE_BRICKS		Stone Bricks	1		STONE_BRICKS			
MOSSY_STONE_BRICKS		Mossy Stone Bricks	1		MOSSY_STONE_BRICKS			
CRACKED_STONE_BRICKS		Cracked Stone Bricks	1		CRACKED_STONE_BRICKS			
CHISELED_STONE_BRICKS		Chiseled Stone Bricks	1		CHISELED_STONE_BRICKS			
BROWN_MUSHROOM_BLOCK		Brown Mushroom Block	1		BROWN_MUSHROOM_BLOCK			
RED_MUSHROOM_BLOCK		Red Mushroom Block	1		RED_MUSHROOM_BLOCK			
MUSHROOM_STEM		Mushroom Stem	1		MUSHROOM_STEM			
IRON_BARS		Iron Bars	1		IRON_BARS			
CHAIN		Chain	1		CHAIN			
GLASS_PANE		Glass Pane	1		GLASS_PANE			
MELON		Melon	1		MELON			
VINE		Vine	1		VINE			
OAK_FENCE_GATE		Oak Fence Gate	1		OAK_FENCE_GATE			
SPRUCE_FENCE_GATE		Spruce Fence Gate	1		SPRUCE_FENCE_GATE			
BIRCH_FENCE_GATE		Birch Fence Gate	1		BIRCH_FENCE_GATE			
JUNGLE_FENCE_GATE		Jungle Fence Gate	1		JUNGLE_FENCE_GATE			
ACACIA_FENCE_GATE		Acacia Fence Gate	1		ACACIA_FENCE_GATE			
DARK_OAK_FENCE_GATE		Dark Oak Fence Gate	1		DARK_OAK_FENCE_GATE			
CRIMSON_FENCE_GATE		Crimson Fence Gate	1		CRIMSON_FENCE_GATE			
WARPED_FENCE_GATE		Warped Fence Gate	1		WARPED_FENCE_GATE			
BRICK_STAIRS		Brick Stairs	1		BRICK_STAIRS			
STONE_BRICK_STAIRS		Stone Brick Stairs	1		STONE_BRICK_STAIRS			
MYCELIUM		Mycelium	1		MYCELIUM			
LILY_PAD		Lily Pad	1		LILY_PAD			
NETHER_BRICKS		Nether Bricks	1		NETHER_BRICKS			
CRACKED_NETHER_BRICKS		Cracked Nether Bricks	1		CRACKED_NETHER_BRICKS			
CHISELED_NETHER_BRICKS		Chiseled Nether Bricks	1		CHISELED_NETHER_BRICKS			
NETHER_BRICK_FENCE		Nether Brick Fence	1		NETHER_BRICK_FENCE			
NETHER_BRICK_STAIRS		Nether Brick Stairs	1		NETHER_BRICK_STAIRS			
ENCHANTING_TABLE		Enchanting Table	1		ENCHANTING_TABLE			
END_PORTAL_FRAME		End Portal Frame	1		END_PORTAL_FRAME			
END_STONE		End Stone	1		END_STONE			
END_STONE_BRICKS		End Stone Bricks	1		END_STONE_BRICKS			
DRAGON_EGG		Dragon Egg	1		DRAGON_EGG			
REDSTONE_LAMP		Redstone Lamp	1		REDSTONE_LAMP			
SANDSTONE_STAIRS		Sandstone Stairs	1		SANDSTONE_STAIRS			
EMERALD_ORE		Emerald Ore	1		EMERALD_ORE			
ENDER_CHEST		Ender Chest	1		ENDER_CHEST			
TRIPWIRE_HOOK		Tripwire Hook	1		TRIPWIRE_HOOK			
EMERALD_BLOCK		Emerald Block	1		EMERALD_BLOCK			
SPRUCE_STAIRS		Spruce Stairs	1		SPRUCE_STAIRS			
BIRCH_STAIRS		Birch Stairs	1		BIRCH_STAIRS			
JUNGLE_STAIRS		Jungle Stairs	1		JUNGLE_STAIRS			
CRIMSON_STAIRS		Crimson Stairs	1		CRIMSON_STAIRS			
WARPED_STAIRS		Warped Stairs	1		WARPED_STAIRS			
COMMAND_BLOCK		Command Block	1		COMMAND_BLOCK			
BEACON		Beacon	1		BEACON			
COBBLESTONE_WALL		Cobblestone Wall	1		COBBLESTONE_WALL			
MOSSY_COBBLESTONE_WALL		Mossy Cobblestone Wall	1		MOSSY_COBBLESTONE_WALL			
BRICK_WALL		Brick Wall	1		BRICK_WALL			
PRISMARINE_WALL		Prismarine Wall	1		PRISMARINE_WALL			
RED_SANDSTONE_WALL		Red Sandstone Wall	1		RED_SANDSTONE_WALL			
MOSSY_STONE_BRICK_WALL		Mossy Stone Brick Wall	1		MOSSY_STONE_BRICK_WALL			
GRANITE_WALL		Granite Wall	1		GRANITE_WALL			
STONE_BRICK_WALL		Stone Brick Wall	1		STONE_BRICK_WALL			
NETHER_BRICK_WALL		Nether Brick Wall	1		NETHER_BRICK_WALL			
ANDESITE_WALL		Andesite Wall	1		ANDESITE_WALL			
RED_NETHER_BRICK_WALL		Red Nether Brick Wall	1		RED_NETHER_BRICK_WALL			
SANDSTONE_WALL		Sandstone Wall	1		SANDSTONE_WALL			
END_STONE_BRICK_WALL		End Stone Brick Wall	1		END_STONE_BRICK_WALL			
DIORITE_WALL		Diorite Wall	1		DIORITE_WALL			
BLACKSTONE_WALL		Blackstone Wall	1		BLACKSTONE_WALL			
POLISHED_BLACKSTONE_WALL		Polished Blackstone Wall	1		POLISHED_BLACKSTONE_WALL			
POLISHED_BLACKSTONE_BRICK_WALL		Polished Blackstone Brick Wall	1		POLISHED_BLACKSTONE_BRICK_WALL			
STONE_BUTTON		Stone Button	1		STONE_BUTTON			
OAK_BUTTON		Oak Button	1		OAK_BUTTON			
SPRUCE_BUTTON		Spruce Button	1		SPRUCE_BUTTON			
BIRCH_BUTTON		Birch Button	1		BIRCH_BUTTON			
JUNGLE_BUTTON		Jungle Button	1		JUNGLE_BUTTON			
ACACIA_BUTTON		Acacia Button	1		ACACIA_BUTTON			
DARK_OAK_BUTTON		Dark Oak Button	1		DARK_OAK_BUTTON			
CRIMSON_BUTTON		Crimson Button	1		CRIMSON_BUTTON			
WARPED_BUTTON		Warped Button	1		WARPED_BUTTON			
POLISHED_BLACKSTONE_BUTTON		Polished Blackstone Button	1		POLISHED_BLACKSTONE_BUTTON			
ANVIL		Anvil	1		ANVIL			
CHIPPED_ANVIL		Chipped Anvil	1		CHIPPED_ANVIL			
DAMAGED_ANVIL		Damaged Anvil	1		DAMAGED_ANVIL			
TRAPPED_CHEST		Trapped Chest	1		TRAPPED_CHEST			
LIGHT_WEIGHTED_PRESSURE_PLATE		Light Weighted Pressure Plate	1		LIGHT_WEIGHTED_PRESSURE_PLATE			
HEAVY_WEIGHTED_PRESSURE_PLATE		Heavy Weighted Pressure Plate	1		HEAVY_WEIGHTED_PRESSURE_PLATE			
DAYLIGHT_DETECTOR		Daylight Detector	1		DAYLIGHT_DETECTOR			
REDSTONE_BLOCK		Redstone Block	1		REDSTONE_BLOCK			
NETHER_QUARTZ_ORE		Nether Quartz Ore	1		NETHER_QUARTZ_ORE			
HOPPER		Hopper	1		HOPPER			
CHISELED_QUARTZ_BLOCK		Chiseled Quartz Block	1		CHISELED_QUARTZ_BLOCK			
QUARTZ_BLOCK		Quartz Block	1		QUARTZ_BLOCK			
QUARTZ_BRICKS		Quartz Bricks	1		QUARTZ_BRICKS			
QUARTZ_PILLAR		Quartz Pillar	1		QUARTZ_PILLAR			
QUARTZ_STAIRS		Quartz Stairs	1		QUARTZ_STAIRS			
ACTIVATOR_RAIL		Activator Rail	1		ACTIVATOR_RAIL			
DROPPER		Dropper	1		DROPPER			
WHITE_TERRACOTTA		White Terracotta	1		WHITE_TERRACOTTA			
ORANGE_TERRACOTTA		Orange Terracotta	1		ORANGE_TERRACOTTA			
MAGENTA_TERRACOTTA		Magenta Terracotta	1		MAGENTA_TERRACOTTA			
LIGHT_BLUE_TERRACOTTA		Light Blue Terracotta	1		LIGHT_BLUE_TERRACOTTA			
YELLOW_TERRACOTTA		Yellow Terracotta	1		YELLOW_TERRACOTTA			
LIME_TERRACOTTA		Lime Terracotta	1		LIME_TERRACOTTA			
PINK_TERRACOTTA		Pink Terracotta	1		PINK_TERRACOTTA			
GRAY_TERRACOTTA		Gray Terracotta	1		GRAY_TERRACOTTA			
LIGHT_GRAY_TERRACOTTA		Light Gray Terracotta	1		LIGHT_GRAY_TERRACOTTA			
CYAN_TERRACOTTA		Cyan Terracotta	1		CYAN_TERRACOTTA			
PURPLE_TERRACOTTA		Purple Terracotta	1		PURPLE_TERRACOTTA			
BLUE_TERRACOTTA		Blue Terracotta	1		BLUE_TERRACOTTA			
BROWN_TERRACOTTA		Brown Terracotta	1		BROWN_TERRACOTTA			
GREEN_TERRACOTTA		Green Terracotta	1		GREEN_TERRACOTTA			
RED_TERRACOTTA		Red Terracotta	1		RED_TERRACOTTA			
BLACK_TERRACOTTA		Black Terracotta	1		BLACK_TERRACOTTA			
BARRIER		Barrier	1		BARRIER			
IRON_TRAPDOOR		Iron Trapdoor	1		IRON_TRAPDOOR			
HAY_BLOCK		Hay Block	1		HAY_BLOCK			
WHITE_CARPET		White Carpet	1		WHITE_CARPET			
ORANGE_CARPET		Orange Carpet	1		ORANGE_CARPET			
MAGENTA_CARPET		Magenta Carpet	1		MAGENTA_CARPET			
LIGHT_BLUE_CARPET		Light Blue Carpet	1		LIGHT_BLUE_CARPET			
YELLOW_CARPET		Yellow Carpet	1		YELLOW_CARPET			
LIME_CARPET		Lime Carpet	1		LIME_CARPET			
PINK_CARPET		Pink Carpet	1		PINK_CARPET			
GRAY_CARPET		Gray Carpet	1		GRAY_CARPET			
LIGHT_GRAY_CARPET		Light Gray Carpet	1		LIGHT_GRAY_CARPET			
CYAN_CARPET		Cyan Carpet	1		CYAN_CARPET			
PURPLE_CARPET		Purple Carpet	1		PURPLE_CARPET			
BLUE_CARPET		Blue Carpet	1		BLUE_CARPET			
BROWN_CARPET		Brown Carpet	1		BROWN_CARPET			
GREEN_CARPET		Green Carpet	1		GREEN_CARPET			
RED_CARPET		Red Carpet	1		RED_CARPET			
BLACK_CARPET		Black Carpet	1		BLACK_CARPET			
TERRACOTTA		Terracotta	1		TERRACOTTA			
COAL_BLOCK		Coal Block	1		COAL_BLOCK			
PACKED_ICE		Packed Ice	1		PACKED_ICE			
ACACIA_STAIRS		Acacia Stairs	1		ACACIA_STAIRS			
DARK_OAK_STAIRS		Dark Oak Stairs	1		DARK_OAK_STAIRS			
SLIME_BLOCK		Slime Block	1		SLIME_BLOCK			
GRASS_PATH		Grass Path	1		GRASS_PATH			
SUNFLOWER		Sunflower	1		SUNFLOWER			
LILAC		Lilac	1		LILAC			
ROSE_BUSH		Rose Bush	1		ROSE_BUSH			
PEONY		Peony	1		PEONY			
TALL_GRASS		Tall Grass	1		TALL_GRASS			
LARGE_FERN		Large Fern	1		LARGE_FERN			
WHITE_STAINED_GLASS		White Stained Glass	1		WHITE_STAINED_GLASS			
ORANGE_STAINED_GLASS		Orange Stained Glass	1		ORANGE_STAINED_GLASS			
MAGENTA_STAINED_GLASS		Magenta Stained Glass	1		MAGENTA_STAINED_GLASS			
LIGHT_BLUE_STAINED_GLASS		Light Blue Stained Glass	1		LIGHT_BLUE_STAINED_GLASS			
YELLOW_STAINED_GLASS		Yellow Stained Glass	1		YELLOW_STAINED_GLASS			
LIME_STAINED_GLASS		Lime Stained Glass	1		LIME_STAINED_GLASS			
PINK_STAINED_GLASS		Pink Stained Glass	1		PINK_STAINED_GLASS			
GRAY_STAINED_GLASS		Gray Stained Glass	1		GRAY_STAINED_GLASS			
LIGHT_GRAY_STAINED_GLASS		Light Gray Stained Glass	1		LIGHT_GRAY_STAINED_GLASS			
CYAN_STAINED_GLASS		Cyan Stained Glass	1		CYAN_STAINED_GLASS			
PURPLE_STAINED_GLASS		Purple Stained Glass	1		PURPLE_STAINED_GLASS			
BLUE_STAINED_GLASS		Blue Stained Glass	1		BLUE_STAINED_GLASS			
BROWN_STAINED_GLASS		Brown Stained Glass	1		BROWN_STAINED_GLASS			
GREEN_STAINED_GLASS		Green Stained Glass	1		GREEN_STAINED_GLASS			
RED_STAINED_GLASS		Red Stained Glass	1		RED_STAINED_GLASS			
BLACK_STAINED_GLASS		Black Stained Glass	1		BLACK_STAINED_GLASS			
WHITE_STAINED_GLASS_PANE		White Stained Glass Pane	1		WHITE_STAINED_GLASS_PANE			
ORANGE_STAINED_GLASS_PANE		Orange Stained Glass Pane	1		ORANGE_STAINED_GLASS_PANE			
MAGENTA_STAINED_GLASS_PANE		Magenta Stained Glass Pane	1		MAGENTA_STAINED_GLASS_PANE			
LIGHT_BLUE_STAINED_GLASS_PANE		Light Blue Stained Glass Pane	1		LIGHT_BLUE_STAINED_GLASS_PANE			
YELLOW_STAINED_GLASS_PANE		Yellow Stained Glass Pane	1		YELLOW_STAINED_GLASS_PANE			
LIME_STAINED_GLASS_PANE		Lime Stained Glass Pane	1		LIME_STAINED_GLASS_PANE			
PINK_STAINED_GLASS_PANE		Pink Stained Glass Pane	1		PINK_STAINED_GLASS_PANE			
GRAY_STAINED_GLASS_PANE		Gray Stained Glass Pane	1		GRAY_STAINED_GLASS_PANE			
LIGHT_GRAY_STAINED_GLASS_PANE		Light Gray Stained Glass Pane	1		LIGHT_GRAY_STAINED_GLASS_PANE			
CYAN_STAINED_GLASS_PANE		Cyan Stained Glass Pane	1		CYAN_STAINED_GLASS_PANE			
PURPLE_STAINED_GLASS_PANE		Purple Stained Glass Pane	1		PURPLE_STAINED_GLASS_PANE			
BLUE_STAINED_GLASS_PANE		Blue Stained Glass Pane	1		BLUE_STAINED_GLASS_PANE			
BROWN_STAINED_GLASS_PANE		Brown Stained Glass Pane	1		BROWN_STAINED_GLASS_PANE			
GREEN_STAINED_GLASS_PANE		Green Stained Glass Pane	1		GREEN_STAINED_GLASS_PANE			
RED_STAINED_GLASS_PANE		Red Stained Glass Pane	1		RED_STAINED_GLASS_PANE			
BLACK_STAINED_GLASS_PANE		Black Stained Glass Pane	1		BLACK_STAINED_GLASS_PANE			
PRISMARINE		Prismarine	1		PRISMARINE			
PRISMARINE_BRICKS		Prismarine Bricks	1		PRISMARINE_BRICKS			
DARK_PRISMARINE		Dark Prismarine	1		DARK_PRISMARINE			
PRISMARINE_STAIRS		Prismarine Stairs	1		PRISMARINE_STAIRS			
PRISMARINE_BRICK_STAIRS		Prismarine Brick Stairs	1		PRISMARINE_BRICK_STAIRS			
DARK_PRISMARINE_STAIRS		Dark Prismarine Stairs	1		DARK_PRISMARINE_STAIRS			
SEA_LANTERN		Sea Lantern	1		SEA_LANTERN			
RED_SANDSTONE		Red Sandstone	1		RED_SANDSTONE			
CHISELED_RED_SANDSTONE		Chiseled Red Sandstone	1		CHISELED_RED_SANDSTONE			
CUT_RED_SANDSTONE		Cut Red Sandstone	1		CUT_RED_SANDSTONE			
RED_SANDSTONE_STAIRS		Red Sandstone Stairs	1		RED_SANDSTONE_STAIRS			
REPEATING_COMMAND_BLOCK		Repeating Command Block	1		REPEATING_COMMAND_BLOCK			
CHAIN_COMMAND_BLOCK		Chain Command Block	1		CHAIN_COMMAND_BLOCK			
MAGMA_BLOCK		Magma Block	1		MAGMA_BLOCK			
NETHER_WART_BLOCK		Nether Wart Block	1		NETHER_WART_BLOCK			
WARPED_WART_BLOCK		Warped Wart Block	1		WARPED_WART_BLOCK			
RED_NETHER_BRICKS		Red Nether Bricks	1		RED_NETHER_BRICKS			
BONE_BLOCK		Bone Block	1		BONE_BLOCK			
STRUCTURE_VOID		Structure Void	1		STRUCTURE_VOID			
OBSERVER		Observer	1		OBSERVER			
SHULKER_BOX		Shulker Box	1		SHULKER_BOX			
WHITE_SHULKER_BOX		White Shulker Box	1		WHITE_SHULKER_BOX			
ORANGE_SHULKER_BOX		Orange Shulker Box	1		ORANGE_SHULKER_BOX			
MAGENTA_SHULKER_BOX		Magenta Shulker Box	1		MAGENTA_SHULKER_BOX			
LIGHT_BLUE_SHULKER_BOX		Light Blue Shulker Box	1		LIGHT_BLUE_SHULKER_BOX			
YELLOW_SHULKER_BOX		Yellow Shulker Box	1		YELLOW_SHULKER_BOX			
LIME_SHULKER_BOX		Lime Shulker Box	1		LIME_SHULKER_BOX			
PINK_SHULKER_BOX		Pink Shulker Box	1		PINK_SHULKER_BOX			
GRAY_SHULKER_BOX		Gray Shulker Box	1		GRAY_SHULKER_BOX			
LIGHT_GRAY_SHULKER_BOX		Light Gray Shulker Box	1		LIGHT_GRAY_SHULKER_BOX			
CYAN_SHULKER_BOX		Cyan Shulker Box	1		CYAN_SHULKER_BOX			
PURPLE_SHULKER_BOX		Purple Shulker Box	1		PURPLE_SHULKER_BOX			
BLUE_SHULKER_BOX		Blue Shulker Box	1		BLUE_SHULKER_BOX			
BROWN_SHULKER_BOX		Brown Shulker Box	1		BROWN_SHULKER_BOX			
GREEN_SHULKER_BOX		Green Shulker Box	1		GREEN_SHULKER_BOX			
RED_SHULKER_BOX		Red Shulker Box	1		RED_SHULKER_BOX			
BLACK_SHULKER_BOX		Black Shulker Box	1		BLACK_SHULKER_BOX			
WHITE_GLAZED_TERRACOTTA		White Glazed Terracotta	1		WHITE_GLAZED_TERRACOTTA			
ORANGE_GLAZED_TERRACOTTA		Orange Glazed Terracotta	1		ORANGE_GLAZED_TERRACOTTA			
MAGENTA_GLAZED_TERRACOTTA		Magenta Glazed Terracotta	1		MAGENTA_GLAZED_TERRACOTTA			
LIGHT_BLUE_GLAZED_TERRACOTTA		Light Blue Glazed Terracotta	1		LIGHT_BLUE_GLAZED_TERRACOTTA			
YELLOW_GLAZED_TERRACOTTA		Yellow Glazed Terracotta	1		YELLOW_GLAZED_TERRACOTTA			
LIME_GLAZED_TERRACOTTA		Lime Glazed Terracotta	1		LIME_GLAZED_TERRACOTTA			
PINK_GLAZED_TERRACOTTA		Pink Glazed Terracotta	1		PINK_GLAZED_TERRACOTTA			
GRAY_GLAZED_TERRACOTTA		Gray Glazed Terracotta	1		GRAY_GLAZED_TERRACOTTA			
LIGHT_GRAY_GLAZED_TERRACOTTA		Light Gray Glazed Terracotta	1		LIGHT_GRAY_GLAZED_TERRACOTTA			
CYAN_GLAZED_TERRACOTTA		Cyan Glazed Terracotta	1		CYAN_GLAZED_TERRACOTTA			
PURPLE_GLAZED_TERRACOTTA		Purple Glazed Terracotta	1		PURPLE_GLAZED_TERRACOTTA			
BLUE_GLAZED_TERRACOTTA		Blue Glazed Terracotta	1		BLUE_GLAZED_TERRACOTTA			
BROWN_GLAZED_TERRACOTTA		Brown Glazed Terracotta	1		BROWN_GLAZED_TERRACOTTA			
GREEN_GLAZED_TERRACOTTA		Green Glazed Terracotta	1		GREEN_GLAZED_TERRACOTTA			
RED_GLAZED_TERRACOTTA		Red Glazed Terracotta	1		RED_GLAZED_TERRACOTTA			
BLACK_GLAZED_TERRACOTTA		Black Glazed Terracotta	1		BLACK_GLAZED_TERRACOTTA			
WHITE_CONCRETE		White Concrete	1		WHITE_CONCRETE			
ORANGE_CONCRETE		Orange Concrete	1		ORANGE_CONCRETE			
MAGENTA_CONCRETE		Magenta Concrete	1		MAGENTA_CONCRETE			
LIGHT_BLUE_CONCRETE		Light Blue Concrete	1		LIGHT_BLUE_CONCRETE			
YELLOW_CONCRETE		Yellow Concrete	1		YELLOW_CONCRETE			
LIME_CONCRETE		Lime Concrete	1		LIME_CONCRETE			
PINK_CONCRETE		Pink Concrete	1		PINK_CONCRETE			
GRAY_CONCRETE		Gray Concrete	1		GRAY_CONCRETE			
LIGHT_GRAY_CONCRETE		Light Gray Concrete	1		LIGHT_GRAY_CONCRETE			
CYAN_CONCRETE		Cyan Concrete	1		CYAN_CONCRETE			
PURPLE_CONCRETE		Purple Concrete	1		PURPLE_CONCRETE			
BLUE_CONCRETE		Blue Concrete	1		BLUE_CONCRETE			
BROWN_CONCRETE		Brown Concrete	1		BROWN_CONCRETE			
GREEN_CONCRETE		Green Concrete	1		GREEN_CONCRETE			
RED_CONCRETE		Red Concrete	1		RED_CONCRETE			
BLACK_CONCRETE		Black Concrete	1		BLACK_CONCRETE			
WHITE_CONCRETE_POWDER		White Concrete Powder	1		WHITE_CONCRETE_POWDER			
ORANGE_CONCRETE_POWDER		Orange Concrete Powder	1		ORANGE_CONCRETE_POWDER			
MAGENTA_CONCRETE_POWDER		Magenta Concrete Powder	1		MAGENTA_CONCRETE_POWDER			
LIGHT_BLUE_CONCRETE_POWDER		Light Blue Concrete Powder	1		LIGHT_BLUE_CONCRETE_POWDER			
YELLOW_CONCRETE_POWDER		Yellow Concrete Powder	1		YELLOW_CONCRETE_POWDER			
LIME_CONCRETE_POWDER		Lime Concrete Powder	1		LIME_CONCRETE_POWDER			
PINK_CONCRETE_POWDER		Pink Concrete Powder	1		PINK_CONCRETE_POWDER			
GRAY_CONCRETE_POWDER		Gray Concrete Powder	1		GRAY_CONCRETE_POWDER			
LIGHT_GRAY_CONCRETE_POWDER		Light Gray Concrete Powder	1		LIGHT_GRAY_CONCRETE_POWDER			
CYAN_CONCRETE_POWDER		Cyan Concrete Powder	1		CYAN_CONCRETE_POWDER			
PURPLE_CONCRETE_POWDER		Purple Concrete Powder	1		PURPLE_CONCRETE_POWDER			
BLUE_CONCRETE_POWDER		Blue Concrete Powder	1		BLUE_CONCRETE_POWDER			
BROWN_CONCRETE_POWDER		Brown Concrete Powder	1		BROWN_CONCRETE_POWDER			
GREEN_CONCRETE_POWDER		Green Concrete Powder	1		GREEN_CONCRETE_POWDER			
RED_CONCRETE_POWDER		Red Concrete Powder	1		RED_CONCRETE_POWDER			
BLACK_CONCRETE_POWDER		Black Concrete Powder	1		BLACK_CONCRETE_POWDER			
TURTLE_EGG		Turtle Egg	1		TURTLE_EGG			
DEAD_TUBE_CORAL_BLOCK		Dead Tube Coral Block	1		DEAD_TUBE_CORAL_BLOCK			
DEAD_BRAIN_CORAL_BLOCK		Dead Brain Coral Block	1		DEAD_BRAIN_CORAL_BLOCK			
DEAD_BUBBLE_CORAL_BLOCK		Dead Bubble Coral Block	1		DEAD_BUBBLE_CORAL_BLOCK			
DEAD_FIRE_CORAL_BLOCK		Dead Fire Coral Block	1		DEAD_FIRE_CORAL_BLOCK			
DEAD_HORN_CORAL_BLOCK		Dead Horn Coral Block	1		DEAD_HORN_CORAL_BLOCK			
TUBE_CORAL_BLOCK		Tube Coral Block	1		TUBE_CORAL_BLOCK			
BRAIN_CORAL_BLOCK		Brain Coral Block	1		BRAIN_CORAL_BLOCK			
BUBBLE_CORAL_BLOCK		Bubble Coral Block	1		BUBBLE_CORAL_BLOCK			
FIRE_CORAL_BLOCK		Fire Coral Block	1		FIRE_CORAL_BLOCK			
HORN_CORAL_BLOCK		Horn Coral Block	1		HORN_CORAL_BLOCK			
TUBE_CORAL		Tube Coral	1		TUBE_CORAL			
BRAIN_CORAL		Brain Coral	1		BRAIN_CORAL			
BUBBLE_CORAL		Bubble Coral	1		BUBBLE_CORAL			
FIRE_CORAL		Fire Coral	1		FIRE_CORAL			
HORN_CORAL		Horn Coral	1		HORN_CORAL			
DEAD_BRAIN_CORAL		Dead Brain Coral	1		DEAD_BRAIN_CORAL			
DEAD_BUBBLE_CORAL		Dead Bubble Coral	1		DEAD_BUBBLE_CORAL			
DEAD_FIRE_CORAL		Dead Fire Coral	1		DEAD_FIRE_CORAL			
DEAD_HORN_CORAL		Dead Horn Coral	1		DEAD_HORN_CORAL			
DEAD_TUBE_CORAL		Dead Tube Coral	1		DEAD_TUBE_CORAL			
TUBE_CORAL_FAN		Tube Coral Fan	1		TUBE_CORAL_FAN			
BRAIN_CORAL_FAN		Brain Coral Fan	1		BRAIN_CORAL_FAN			
BUBBLE_CORAL_FAN		Bubble Coral Fan	1		BUBBLE_CORAL_FAN			
FIRE_CORAL_FAN		Fire Coral Fan	1		FIRE_CORAL_FAN			
HORN_CORAL_FAN		Horn Coral Fan	1		HORN_CORAL_FAN			
DEAD_TUBE_CORAL_FAN		Dead Tube Coral Fan	1		DEAD_TUBE_CORAL_FAN			
DEAD_BRAIN_CORAL_FAN		Dead Brain Coral Fan	1		DEAD_BRAIN_CORAL_FAN			
DEAD_BUBBLE_CORAL_FAN		Dead Bubble Coral Fan	1		DEAD_BUBBLE_CORAL_FAN			
DEAD_FIRE_CORAL_FAN		Dead Fire Coral Fan	1		DEAD_FIRE_CORAL_FAN			
DEAD_HORN_CORAL_FAN		Dead Horn Coral Fan	1		DEAD_HORN_CORAL_FAN			
BLUE_ICE		Blue Ice	1		BLUE_ICE			
CONDUIT		Conduit	1		CONDUIT			
POLISHED_GRANITE_STAIRS		Polished Granite Stairs	1		POLISHED_GRANITE_STAIRS			
SMOOTH_RED_SANDSTONE_STAIRS		Smooth Red Sandstone Stairs	1		SMOOTH_RED_SANDSTONE_STAIRS			
MOSSY_STONE_BRICK_STAIRS		Mossy Stone Brick Stairs	1		MOSSY_STONE_BRICK_STAIRS			
POLISHED_DIORITE_STAIRS		Polished Diorite Stairs	1		POLISHED_DIORITE_STAIRS			
MOSSY_COBBLESTONE_STAIRS		Mossy Cobblestone Stairs	1		MOSSY_COBBLESTONE_STAIRS			
END_STONE_BRICK_STAIRS		End Stone Brick Stairs	1		END_STONE_BRICK_STAIRS			
STONE_STAIRS		Stone Stairs	1		STONE_STAIRS			
SMOOTH_SANDSTONE_STAIRS		Smooth Sandstone Stairs	1		SMOOTH_SANDSTONE_STAIRS			
SMOOTH_QUARTZ_STAIRS		Smooth Quartz Stairs	1		SMOOTH_QUARTZ_STAIRS			
GRANITE_STAIRS		Granite Stairs	1		GRANITE_STAIRS			
ANDESITE_STAIRS		Andesite Stairs	1		ANDESITE_STAIRS			
RED_NETHER_BRICK_STAIRS		Red Nether Brick Stairs	1		RED_NETHER_BRICK_STAIRS			
POLISHED_ANDESITE_STAIRS		Polished Andesite Stairs	1		POLISHED_ANDESITE_STAIRS			
DIORITE_STAIRS		Diorite Stairs	1		DIORITE_STAIRS			
POLISHED_GRANITE_SLAB		Polished Granite Slab	1		POLISHED_GRANITE_SLAB			
SMOOTH_RED_SANDSTONE_SLAB		Smooth Red Sandstone Slab	1		SMOOTH_RED_SANDSTONE_SLAB			
MOSSY_STONE_BRICK_SLAB		Mossy Stone Brick Slab	1		MOSSY_STONE_BRICK_SLAB			
POLISHED_DIORITE_SLAB		Polished Diorite Slab	1		POLISHED_DIORITE_SLAB			
MOSSY_COBBLESTONE_SLAB		Mossy Cobblestone Slab	1		MOSSY_COBBLESTONE_SLAB			
END_STONE_BRICK_SLAB		End Stone Brick Slab	1		END_STONE_BRICK_SLAB			
SMOOTH_SANDSTONE_SLAB		Smooth Sandstone Slab	1		SMOOTH_SANDSTONE_SLAB			
SMOOTH_QUARTZ_SLAB		Smooth Quartz Slab	1		SMOOTH_QUARTZ_SLAB			
GRANITE_SLAB		Granite Slab	1		GRANITE_SLAB			
ANDESITE_SLAB		Andesite Slab	1		ANDESITE_SLAB			
RED_NETHER_BRICK_SLAB		Red Nether Brick Slab	1		RED_NETHER_BRICK_SLAB			
POLISHED_ANDESITE_SLAB		Polished Andesite Slab	1		POLISHED_ANDESITE_SLAB			
DIORITE_SLAB		Diorite Slab	1		DIORITE_SLAB			
SCAFFOLDING		Scaffolding	1		SCAFFOLDING			
IRON_DOOR		Iron Door	1		IRON_DOOR			
OAK_DOOR		Oak Door	1		OAK_DOOR			
SPRUCE_DOOR		Spruce Door	1		SPRUCE_DOOR			
BIRCH_DOOR		Birch Door	1		BIRCH_DOOR			
JUNGLE_DOOR		Jungle Door	1		JUNGLE_DOOR			
ACACIA_DOOR		Acacia Door	1		ACACIA_DOOR			
DARK_OAK_DOOR		Dark Oak Door	1		DARK_OAK_DOOR			
CRIMSON_DOOR		Crimson Door	1		CRIMSON_DOOR			
WARPED_DOOR		Warped Door	1		WARPED_DOOR			
REPEATER		Repeater	1		REPEATER			
COMPARATOR		Comparator	1		COMPARATOR			
STRUCTURE_BLOCK		Structure Block	1		STRUCTURE_BLOCK			
JIGSAW		Jigsaw	1		JIGSAW			
TURTLE_HELMET		Turtle Helmet	1		TURTLE_HELMET			
SCUTE		Scute	1		SCUTE			
FLINT_AND_STEEL		Flint And Steel	1		FLINT_AND_STEEL			
APPLE		Apple	1		APPLE			
BOW		Bow	1		BOW			
ARROW		Arrow	1		ARROW			
COAL		Coal	1		COAL			
CHARCOAL		Charcoal	1		CHARCOAL			
DIAMOND		Diamond	1		DIAMOND			
IRON_INGOT		Iron Ingot	1		IRON_INGOT			
GOLD_INGOT		Gold Ingot	1		GOLD_INGOT			
NETHERITE_INGOT		Netherite Ingot	1		NETHERITE_INGOT			
NETHERITE_SCRAP		Netherite Scrap	1		NETHERITE_SCRAP			
WOODEN_SWORD		Wooden Sword	1		WOODEN_SWORD	sword		
WOODEN_SHOVEL		Wooden Shovel	1		WOODEN_SHOVEL	tool		
WOODEN_PICKAXE		Wooden Pickaxe	1		WOODEN_PICKAXE	tool		
WOODEN_AXE		Wooden Axe	1		WOODEN_AXE	tool		
WOODEN_HOE		Wooden Hoe	1		WOODEN_HOE	tool		
STONE_SWORD		Stone Sword	1		STONE_SWORD	sword		
STONE_SHOVEL		Stone Shovel	1		STONE_SHOVEL	tool		
STONE_PICKAXE		Stone Pickaxe	1		STONE_PICKAXE	tool		
STONE_AXE		Stone Axe	1		STONE_AXE	tool		
STONE_HOE		Stone Hoe	1		STONE_HOE	tool		
GOLDEN_SWORD		Golden Sword	1		GOLDEN_SWORD	sword		
GOLDEN_SHOVEL		Golden Shovel	1		GOLDEN_SHOVEL	tool		
GOLDEN_PICKAXE		Golden Pickaxe	1		GOLDEN_PICKAXE	tool		
GOLDEN_AXE		Golden Axe	1		GOLDEN_AXE	tool		
GOLDEN_HOE		Golden Hoe	1		GOLDEN_HOE	tool		
IRON_SWORD		Iron Sword	1		IRON_SWORD	sword		
IRON_SHOVEL		Iron Shovel	1		IRON_SHOVEL	tool		
IRON_PICKAXE		Iron Pickaxe	1		IRON_PICKAXE	tool		
IRON_AXE		Iron Axe	1		IRON_AXE	tool		
IRON_HOE		Iron Hoe	1		IRON_HOE	tool		
DIAMOND_SWORD		Diamond Sword	1		DIAMOND_SWORD	sword		
DIAMOND_SHOVEL		Diamond Shovel	1		DIAMOND_SHOVEL	tool		
DIAMOND_PICKAXE		Diamond Pickaxe	1		DIAMOND_PICKAXE	tool		
DIAMOND_AXE		Diamond Axe	1		DIAMOND_AXE	tool		
DIAMOND_HOE		Diamond Hoe	1		DIAMOND_HOE	tool		
NETHERITE_SWORD		Netherite Sword	1		NETHERITE_SWORD	sword		
NETHERITE_SHOVEL		Netherite Shovel	1		NETHERITE_SHOVEL	tool		
NETHERITE_PICKAXE		Netherite Pickaxe	1		NETHERITE_PICKAXE	tool		
NETHERITE_AXE		Netherite Axe	1		NETHERITE_AXE	tool		
NETHERITE_HOE		Netherite Hoe	1		NETHERITE_HOE	tool		
STICK		Stick	1		STICK			
BOWL		Bowl	1		BOWL			
MUSHROOM_STEW		Mushroom Stew	1		MUSHROOM_STEW			
STRING		String	1		STRING			
FEATHER		Feather	1		FEATHER			
GUNPOWDER		Gunpowder	1		GUNPOWDER			
WHEAT_SEEDS		Wheat Seeds	1		WHEAT_SEEDS			
WHEAT		Wheat	1		WHEAT			
BREAD		Bread	1		BREAD			
LEATHER_HELMET		Leather Helmet	1		LEATHER_HELMET	armor		
LEATHER_CHESTPLATE		Leather Chestplate	1		LEATHER_CHESTPLATE	armor		
LEATHER_LEGGINGS		Leather Leggings	1		LEATHER_LEGGINGS	armor		
LEATHER_BOOTS		Leather Boots	1		LEATHER_BOOTS	armor		
CHAINMAIL_HELMET		Chainmail Helmet	1		CHAINMAIL_HELMET	armor		
CHAINMAIL_CHESTPLATE		Chainmail Chestplate	1		CHAINMAIL_CHESTPLATE	armor		
CHAINMAIL_LEGGINGS		Chainmail Leggings	1		CHAINMAIL_LEGGINGS	armor		
CHAINMAIL_BOOTS		Chainmail Boots	1		CHAINMAIL_BOOTS	armor		
IRON_HELMET		Iron Helmet	1		IRON_HELMET	armor		
IRON_CHESTPLATE		Iron Chestplate	1		IRON_CHESTPLATE	armor		
IRON_LEGGINGS		Iron Leggings	1		IRON_LEGGINGS	armor		
IRON_BOOTS		Iron Boots	1		IRON_BOOTS	armor		
DIAMOND_HELMET		Diamond Helmet	1		DIAMOND_HELMET	armor		
DIAMOND_CHESTPLATE		Diamond Chestplate	1		DIAMOND_CHESTPLATE	armor		
DIAMOND_LEGGINGS		Diamond Leggings	1		DIAMOND_LEGGINGS	armor		
DIAMOND_BOOTS		Diamond Boots	1		DIAMOND_BOOTS	armor		
GOLDEN_HELMET		Golden Helmet	1		GOLDEN_HELMET	armor		
GOLDEN_CHESTPLATE		Golden Chestplate	1		GOLDEN_CHESTPLATE	armor		
GOLDEN_LEGGINGS		Golden Leggings	1		GOLDEN_LEGGINGS	armor		
GOLDEN_BOOTS		Golden Boots	1		GOLDEN_BOOTS	armor		
NETHERITE_HELMET		Netherite Helmet	1		NETHERITE_HELMET	armor		
NETHERITE_CHESTPLATE		Netherite Chestplate	1		NETHERITE_CHESTPLATE	armor		
NETHERITE_LEGGINGS		Netherite Leggings	1		NETHERITE_LEGGINGS	armor		
NETHERITE_BOOTS		Netherite Boots	1		NETHERITE_BOOTS	armor		
FLINT		Flint	1		FLINT			
PORKCHOP		Porkchop	1		PORKCHOP			
COOKED_PORKCHOP		Cooked Porkchop	1		COOKED_PORKCHOP			
PAINTING		Painting	1		PAINTING			
GOLDEN_APPLE		Golden Apple	1		GOLDEN_APPLE			
ENCHANTED_GOLDEN_APPLE		Enchanted Golden Apple	1		ENCHANTED_GOLDEN_APPLE			
OAK_SIGN		Oak Sign	1		OAK_SIGN			
SPRUCE_SIGN		Spruce Sign	1		SPRUCE_SIGN			
BIRCH_SIGN		Birch Sign	1		BIRCH_SIGN			
JUNGLE_SIGN		Jungle Sign	1		JUNGLE_SIGN			
ACACIA_SIGN		Acacia Sign	1		ACACIA_SIGN			
DARK_OAK_SIGN		Dark Oak Sign	1		DARK_OAK_SIGN			
CRIMSON_SIGN		Crimson Sign	1		CRIMSON_SIGN			
WARPED_SIGN		Warped Sign	1		WARPED_SIGN			
BUCKET		Bucket	1		BUCKET			
WATER_BUCKET		Water Bucket	1		WATER_BUCKET			
LAVA_BUCKET		Lava Bucket	1		LAVA_BUCKET			
MINECART		Minecart	1		MINECART			
SADDLE		Saddle	1		SADDLE			
REDSTONE		Redstone	1		REDSTONE			
SNOWBALL		Snowball	1		SNOWBALL			
OAK_BOAT		Oak Boat	1		OAK_BOAT			
LEATHER		Leather	1		LEATHER			
MILK_BUCKET		Milk Bucket	1		MILK_BUCKET			
PUFFERFISH_BUCKET		Pufferfish Bucket	1		PUFFERFISH_BUCKET			
SALMON_BUCKET		Salmon Bucket	1		SALMON_BUCKET			
COD_BUCKET		Cod Bucket	1		COD_BUCKET			
TROPICAL_FISH_BUCKET		Tropical Fish Bucket	1		TROPICAL_FISH_BUCKET			
BRICK		Brick	1		BRICK			
CLAY_BALL		Clay Ball	1		CLAY_BALL			
DRIED_KELP_BLOCK		Dried Kelp Block	1		DRIED_KELP_BLOCK			
PAPER		Paper	1		PAPER			
BOOK		Book	1		BOOK			
SLIME_BALL		Slime Ball	1		SLIME_BALL			
CHEST_MINECART		Chest Minecart	1		CHEST_MINECART			
FURNACE_MINECART		Furnace Minecart	1		FURNACE_MINECART			
EGG		Egg	1		EGG			
COMPASS		Compass	1		COMPASS			
FISHING_ROD		Fishing Rod	1		FISHING_ROD			
CLOCK		Clock	1		CLOCK			
GLOWSTONE_DUST		Glowstone Dust	1		GLOWSTONE_DUST			
COD		Cod	1		COD			
SALMON		Salmon	1		SALMON			
TROPICAL_FISH		Tropical Fish	1		TROPICAL_FISH			
PUFFERFISH		Pufferfish	1		PUFFERFISH			
COOKED_COD		Cooked Cod	1		COOKED_COD			
COOKED_SALMON		Cooked Salmon	1		COOKED_SALMON			
INK_SAC		Ink Sac	1		INK_SAC			
COCOA_BEANS		Cocoa Beans	1		COCOA_BEANS			
LAPIS_LAZULI		Lapis Lazuli	1		LAPIS_LAZULI			
WHITE_DYE		White Dye	1		WHITE_DYE			
ORANGE_DYE		Orange Dye	1		ORANGE_DYE			
MAGENTA_DYE		Magenta Dye	1		MAGENTA_DYE			
LIGHT_BLUE_DYE		Light Blue Dye	1		LIGHT_BLUE_DYE			
YELLOW_DYE		Yellow Dye	1		YELLOW_DYE			
LIME_DYE		Lime Dye	1		LIME_DYE			
PINK_DYE		Pink Dye	1		PINK_DYE			
GRAY_DYE		Gray Dye	1		GRAY_DYE			
LIGHT_GRAY_DYE		Light Gray Dye	1		LIGHT_GRAY_DYE			
CYAN_DYE		Cyan Dye	1		CYAN_DYE			
PURPLE_DYE		Purple Dye	1		PURPLE_DYE			
BLUE_DYE		Blue Dye	1		BLUE_DYE			
BROWN_DYE		Brown Dye	1		BROWN_DYE			
GREEN_DYE		Green Dye	1		GREEN_DYE			
RED_DYE		Red Dye	1		RED_DYE			
BLACK_DYE		Black Dye	1		BLACK_DYE			
BONE_MEAL		Bone Meal	1		BONE_MEAL			
BONE		Bone	1		BONE			
SUGAR		Sugar	1		SUGAR			
CAKE		Cake	1		CAKE			
WHITE_BED		White Bed	1		WHITE_BED			
ORANGE_BED		Orange Bed	1		ORANGE_BED			
MAGENTA_BED		Magenta Bed	1		MAGENTA_BED			
LIGHT_BLUE_BED		Light Blue Bed	1		LIGHT_BLUE_BED			
YELLOW_BED		Yellow Bed	1		YELLOW_BED			
LIME_BED		Lime Bed	1		LIME_BED			
PINK_BED		Pink Bed	1		PINK_BED			
GRAY_BED		Gray Bed	1		GRAY_BED			
LIGHT_GRAY_BED		Light Gray Bed	1		LIGHT_GRAY_BED			
CYAN_BED		Cyan Bed	1		CYAN_BED			
PURPLE_BED		Purple Bed	1		PURPLE_BED			
BLUE_BED		Blue Bed	1		BLUE_BED			
BROWN_BED		Brown Bed	1		BROWN_BED			
GREEN_BED		Green Bed	1		GREEN_BED			
RED_BED		Red Bed	1		RED_BED			
BLACK_BED		Black Bed	1		BLACK_BED			
COOKIE		Cookie	1		COOKIE			
FILLED_MAP		Filled Map	1		FILLED_MAP			
SHEARS		Shears	1		SHEARS			
MELON_SLICE		Melon Slice	1		MELON_SLICE			
DRIED_KELP		Dried Kelp	1		DRIED_KELP			
PUMPKIN_SEEDS		Pumpkin Seeds	1		PUMPKIN_SEEDS			
MELON_SEEDS		Melon Seeds	1		MELON_SEEDS			
BEEF		Beef	1		BEEF			
COOKED_BEEF		Cooked Beef	1		COOKED_BEEF			
CHICKEN		Chicken	1		CHICKEN			
COOKED_CHICKEN		Cooked Chicken	1		COOKED_CHICKEN			
ROTTEN_FLESH		Rotten Flesh	1		ROTTEN_FLESH			
ENDER_PEARL		Ender Pearl	1		ENDER_PEARL			
BLAZE_ROD		Blaze Rod	1		BLAZE_ROD			
GHAST_TEAR		Ghast Tear	1		GHAST_TEAR			
GOLD_NUGGET		Gold Nugget	1		GOLD_NUGGET			
NETHER_WART		Nether Wart	1		NETHER_WART			
POTION		Potion	1		POTION			
GLASS_BOTTLE		Glass Bottle	1		GLASS_BOTTLE			
SPIDER_EYE		Spider Eye	1		SPIDER_EYE			
FERMENTED_SPIDER_EYE		Fermented Spider Eye	1		FERMENTED_SPIDER_EYE			
BLAZE_POWDER		Blaze Powder	1		BLAZE_POWDER			
MAGMA_CREAM		Magma Cream	1		MAGMA_CREAM			
BREWING_STAND		Brewing Stand	1		BREWING_STAND			
CAULDRON		Cauldron	1		CAULDRON			
ENDER_EYE		Ender Eye	1		ENDER_EYE			
GLISTERING_MELON_SLICE		Glistering Melon Slice	1		GLISTERING_MELON_SLICE			
BAT_SPAWN_EGG		Bat Spawn Egg	1		BAT_SPAWN_EGG			
BEE_SPAWN_EGG		Bee Spawn Egg	1		BEE_SPAWN_EGG			
BLAZE_SPAWN_EGG		Blaze Spawn Egg	1		BLAZE_SPAWN_EGG			
CAT_SPAWN_EGG		Cat Spawn Egg	1		CAT_SPAWN_EGG			
CAVE_SPIDER_SPAWN_EGG		Cave Spider Spawn Egg	1		CAVE_SPIDER_SPAWN_EGG			
CHICKEN_SPAWN_EGG		Chicken Spawn Egg	1		CHICKEN_SPAWN_EGG			
COD_SPAWN_EGG		Cod Spawn Egg	1		COD_SPAWN_EGG			
COW_SPAWN_EGG		Cow Spawn Egg	1		COW_SPAWN_EGG			
CREEPER_SPAWN_EGG		Creeper Spawn Egg	1		CREEPER_SPAWN_EGG			
DOLPHIN_SPAWN_EGG		Dolphin Spawn Egg	1		DOLPHIN_SPAWN_EGG			
DONKEY_SPAWN_EGG		Donkey Spawn Egg	1		DONKEY_SPAWN_EGG			
DROWNED_SPAWN_EGG		Drowned Spawn Egg	1		DROWNED_SPAWN_EGG			
ELDER_GUARDIAN_SPAWN_EGG		Elder Guardian Spawn Egg	1		ELDER_GUARDIAN_SPAWN_EGG			
ENDERMAN_SPAWN_EGG		Enderman Spawn Egg	1		ENDERMAN_SPAWN_EGG			
ENDERMITE_SPAWN_EGG		Endermite Spawn Egg	1		ENDERMITE_SPAWN_EGG			
EVOKER_SPAWN_EGG		Evoker Spawn Egg	1		EVOKER_SPAWN_EGG			
FOX_SPAWN_EGG		Fox Spawn Egg	1		FOX_SPAWN_EGG			
GHAST_SPAWN_EGG		Ghast Spawn Egg	1		GHAST_SPAWN_EGG			
GUARDIAN_SPAWN_EGG		Guardian Spawn Egg	1		GUARDIAN_SPAWN_EGG			
HOGLIN_SPAWN_EGG		Hoglin Spawn Egg	1		HOGLIN_SPAWN_EGG			
HORSE_SPAWN_EGG		Horse Spawn Egg	1		HORSE_SPAWN_EGG			
HUSK_SPAWN_EGG		Husk Spawn Egg	1		HUSK_SPAWN_EGG			
LLAMA_SPAWN_EGG		Llama Spawn Egg	1		LLAMA_SPAWN_EGG			
MAGMA_CUBE_SPAWN_EGG		Magma Cube Spawn Egg	1		MAGMA_CUBE_SPAWN_EGG			
MOOSHROOM_SPAWN_EGG		Mooshroom Spawn Egg	1		MOOSHROOM_SPAWN_EGG			
MULE_SPAWN_EGG		Mule Spawn Egg	1		MULE_SPAWN_EGG			
OCELOT_SPAWN_EGG		Ocelot Spawn Egg	1		OCELOT_SPAWN_EGG			
PANDA_SPAWN_EGG		Panda Spawn Egg	1		PANDA_SPAWN_EGG			
PARROT_SPAWN_EGG		Parrot Spawn Egg	1		PARROT_SPAWN_EGG			
PHANTOM_SPAWN_EGG		Phantom Spawn Egg	1		PHANTOM_SPAWN_EGG			
PIG_SPAWN_EGG		Pig Spawn Egg	1		PIG_SPAWN_EGG			
PIGLIN_SPAWN_EGG		Piglin Spawn Egg	1		PIGLIN_SPAWN_EGG			
PIGLIN_BRUTE_SPAWN_EGG		Piglin Brute Spawn Egg	1		PIGLIN_BRUTE_SPAWN_EGG			
PILLAGER_SPAWN_EGG		Pillager Spawn Egg	1		PILLAGER_SPAWN_EGG			
POLAR_BEAR_SPAWN_EGG		Polar Bear Spawn Egg	1		POLAR_BEAR_SPAWN_EGG			
PUFFERFISH_SPAWN_EGG		Pufferfish Spawn Egg	1		PUFFERFISH_SPAWN_EGG			
RABBIT_SPAWN_EGG		Rabbit Spawn Egg	1		RABBIT_SPAWN_EGG			
RAVAGER_SPAWN_EGG		Ravager Spawn Egg	1		RAVAGER_SPAWN_EGG			
SALMON_SPAWN_EGG		Salmon Spawn Egg	1		SALMON_SPAWN_EGG			
SHEEP_SPAWN_EGG		Sheep Spawn Egg	1		SHEEP_SPAWN_EGG			
SHULKER_SPAWN_EGG		Shulker Spawn Egg	1		SHULKER_SPAWN_EGG			
SILVERFISH_SPAWN_EGG		Silverfish Spawn Egg	1		SILVERFISH_SPAWN_EGG			
SKELETON_SPAWN_EGG		Skeleton Spawn Egg	1		SKELETON_SPAWN_EGG			
SKELETON_HORSE_SPAWN_EGG		Skeleton Horse Spawn Egg	1		SKELETON_HORSE_SPAWN_EGG			
SLIME_SPAWN_EGG		Slime Spawn Egg	1		SLIME_SPAWN_EGG			
SPIDER_SPAWN_EGG		Spider Spawn Egg	1		SPIDER_SPAWN_EGG			
SQUID_SPAWN_EGG		Squid Spawn Egg	1		SQUID_SPAWN_EGG			
STRAY_SPAWN_EGG		Stray Spawn Egg	1		STRAY_SPAWN_EGG			
STRIDER_SPAWN_EGG		Strider Spawn Egg	1		STRIDER_SPAWN_EGG			
TRADER_LLAMA_SPAWN_EGG		Trader Llama Spawn Egg	1		TRADER_LLAMA_SPAWN_EGG			
TROPICAL_FISH_SPAWN_EGG		Tropical Fish Spawn Egg	1		TROPICAL_FISH_SPAWN_EGG			
TURTLE_SPAWN_EGG		Turtle Spawn Egg	1		TURTLE_SPAWN_EGG			
VEX_SPAWN_EGG		Vex Spawn Egg	1		VEX_SPAWN_EGG			
VILLAGER_SPAWN_EGG		Villager Spawn Egg	1		VILLAGER_SPAWN_EGG			
VINDICATOR_SPAWN_EGG		Vindicator Spawn Egg	1		VINDICATOR_SPAWN_EGG			
WANDERING_TRADER_SPAWN_EGG		Wandering Trader Spawn Egg	1		WANDERING_TRADER_SPAWN_EGG			
WITCH_SPAWN_EGG		Witch Spawn Egg	1		WITCH_SPAWN_EGG			
WITHER_SKELETON_SPAWN_EGG		Wither Skeleton Spawn Egg	1		WITHER_SKELETON_SPAWN_EGG			
WOLF_SPAWN_EGG		Wolf Spawn Egg	1		WOLF_SPAWN_EGG			
ZOGLIN_SPAWN_EGG		Zoglin Spawn Egg	1		ZOGLIN_SPAWN_EGG			
ZOMBIE_SPAWN_EGG		Zombie Spawn Egg	1		ZOMBIE_SPAWN_EGG			
ZOMBIE_HORSE_SPAWN_EGG		Zombie Horse Spawn Egg	1		ZOMBIE_HORSE_SPAWN_EGG			
ZOMBIE_VILLAGER_SPAWN_EGG		Zombie Villager Spawn Egg	1		ZOMBIE_VILLAGER_SPAWN_EGG			
ZOMBIFIED_PIGLIN_SPAWN_EGG		Zombified Piglin Spawn Egg	1		ZOMBIFIED_PIGLIN_SPAWN_EGG			
EXPERIENCE_BOTTLE		Experience Bottle	1		EXPERIENCE_BOTTLE			
FIRE_CHARGE		Fire Charge	1		FIRE_CHARGE			
WRITABLE_BOOK		Writable Book	1		WRITABLE_BOOK			
WRITTEN_BOOK		Written Book	1		WRITTEN_BOOK			
EMERALD		Emerald	1		EMERALD			
ITEM_FRAME		Item Frame	1		ITEM_FRAME			
FLOWER_POT		Flower Pot	1		FLOWER_POT			
CARROT		Carrot	1		CARROT			
POTATO		Potato	1		POTATO			
BAKED_POTATO		Baked Potato	1		BAKED_POTATO			
POISONOUS_POTATO		Poisonous Potato	1		POISONOUS_POTATO			
MAP		Map	1		MAP			
GOLDEN_CARROT		Golden Carrot	1		GOLDEN_CARROT			
SKELETON_SKULL		Skeleton Skull	1		SKELETON_SKULL			
WITHER_SKELETON_SKULL		Wither Skeleton Skull	1		WITHER_SKELETON_SKULL			
PLAYER_HEAD		Player Head	1		PLAYER_HEAD			
ZOMBIE_HEAD		Zombie Head	1		ZOMBIE_HEAD			
CREEPER_HEAD		Creeper Head	1		CREEPER_HEAD			
DRAGON_HEAD		Dragon Head	1		DRAGON_HEAD			
CARROT_ON_A_STICK		Carrot On A Stick	1		CARROT_ON_A_STICK			
WARPED_FUNGUS_ON_A_STICK		Warped Fungus On A Stick	1		WARPED_FUNGUS_ON_A_STICK			
NETHER_STAR		Nether Star	1		NETHER_STAR			
PUMPKIN_PIE		Pumpkin Pie	1		PUMPKIN_PIE			
FIREWORK_ROCKET		Firework Rocket	1		FIREWORK_ROCKET			
FIREWORK_STAR		Firework Star	1		FIREWORK_STAR			
ENCHANTED_BOOK		Enchanted Book	1		ENCHANTED_BOOK			
NETHER_BRICK		Nether Brick	1		NETHER_BRICK			
QUARTZ		Quartz	1		QUARTZ			
TNT_MINECART		Tnt Minecart	1		TNT_MINECART			
HOPPER_MINECART		Hopper Minecart	1		HOPPER_MINECART			
PRISMARINE_SHARD		Prismarine Shard	1		PRISMARINE_SHARD			
PRISMARINE_CRYSTALS		Prismarine Crystals	1		PRISMARINE_CRYSTALS			
RABBIT		Rabbit	1		RABBIT			
COOKED_RABBIT		Cooked Rabbit	1		COOKED_RABBIT			
RABBIT_STEW		Rabbit Stew	1		RABBIT_STEW			
RABBIT_FOOT		Rabbit Foot	1		RABBIT_FOOT			
RABBIT_HIDE		Rabbit Hide	1		RABBIT_HIDE			
ARMOR_STAND		Armor Stand	1		ARMOR_STAND			
IRON_HORSE_ARMOR		Iron Horse Armor	1		IRON_HORSE_ARMOR			
GOLDEN_HORSE_ARMOR		Golden Horse Armor	1		GOLDEN_HORSE_ARMOR			
DIAMOND_HORSE_ARMOR		Diamond Horse Armor	1		DIAMOND_HORSE_ARMOR			
LEATHER_HORSE_ARMOR		Leather Horse Armor	1		LEATHER_HORSE_ARMOR			
LEAD		Lead	1		LEAD			
NAME_TAG		Name Tag	1		NAME_TAG			
COMMAND_BLOCK_MINECART		Command Block Minecart	1		COMMAND_BLOCK_MINECART			
MUTTON		Mutton	1		MUTTON			
COOKED_MUTTON		Cooked Mutton	1		COOKED_MUTTON			
WHITE_BANNER		White Banner	1		WHITE_BANNER			
ORANGE_BANNER		Orange Banner	1		ORANGE_BANNER			
MAGENTA_BANNER		Magenta Banner	1		MAGENTA_BANNER			
LIGHT_BLUE_BANNER		Light Blue Banner	1		LIGHT_BLUE_BANNER			
YELLOW_BANNER		Yellow Banner	1		YELLOW_BANNER			
LIME_BANNER		Lime Banner	1		LIME_BANNER			
PINK_BANNER		Pink Banner	1		PINK_BANNER			
GRAY_BANNER		Gray Banner	1		GRAY_BANNER			
LIGHT_GRAY_BANNER		Light Gray Banner	1		LIGHT_GRAY_BANNER			
CYAN_BANNER		Cyan Banner	1		CYAN_BANNER			
PURPLE_BANNER		Purple Banner	1		PURPLE_BANNER			
BLUE_BANNER		Blue Banner	1		BLUE_BANNER			
BROWN_BANNER		Brown Banner	1		BROWN_BANNER			
GREEN_BANNER		Green Banner	1		GREEN_BANNER			
RED_BANNER		Red Banner	1		RED_BANNER			
BLACK_BANNER		Black Banner	1		BLACK_BANNER			
END_CRYSTAL		End Crystal	1		END_CRYSTAL			
CHORUS_FRUIT		Chorus Fruit	1		CHORUS_FRUIT			
POPPED_CHORUS_FRUIT		Popped Chorus Fruit	1		POPPED_CHORUS_FRUIT			
BEETROOT		Beetroot	1		BEETROOT			
BEETROOT_SEEDS		Beetroot Seeds	1		BEETROOT_SEEDS			
BEETROOT_SOUP		Beetroot Soup	1		BEETROOT_SOUP			
DRAGON_BREATH		Dragon Breath	1		DRAGON_BREATH			
SPLASH_POTION		Splash Potion	1		SPLASH_POTION			
SPECTRAL_ARROW		Spectral Arrow	1		SPECTRAL_ARROW			
TIPPED_ARROW		Tipped Arrow	1		TIPPED_ARROW			
LINGERING_POTION		Lingering Potion	1		LINGERING_POTION			
SHIELD		Shield	1		SHIELD			
ELYTRA		Elytra	1		ELYTRA			
SPRUCE_BOAT		Spruce Boat	1		SPRUCE_BOAT			
BIRCH_BOAT		Birch Boat	1		BIRCH_BOAT			
JUNGLE_BOAT		Jungle Boat	1		JUNGLE_BOAT			
ACACIA_BOAT		Acacia Boat	1		ACACIA_BOAT			
DARK_OAK_BOAT		Dark Oak Boat	1		DARK_OAK_BOAT			
TOTEM_OF_UNDYING		Totem Of Undying	1		TOTEM_OF_UNDYING			
SHULKER_SHELL		Shulker Shell	1		SHULKER_SHELL			
IRON_NUGGET		Iron Nugget	1		IRON_NUGGET			
KNOWLEDGE_BOOK		Knowledge Book	1		KNOWLEDGE_BOOK			
DEBUG_STICK		Debug Stick	1		DEBUG_STICK			
MUSIC_DISC_13		Music Disc 13	1		MUSIC_DISC_13			
MUSIC_DISC_CAT		Music Disc Cat	1		MUSIC_DISC_CAT			
MUSIC_DISC_BLOCKS		Music Disc Blocks	1		MUSIC_DISC_BLOCKS			
MUSIC_DISC_CHIRP		Music Disc Chirp	1		MUSIC_DISC_CHIRP			
MUSIC_DISC_FAR		Music Disc Far	1		MUSIC_DISC_FAR			
MUSIC_DISC_MALL		Music Disc Mall	1		MUSIC_DISC_MALL			
MUSIC_DISC_MELLOHI		Music Disc Mellohi	1		MUSIC_DISC_MELLOHI			
MUSIC_DISC_STAL		Music Disc Stal	1		MUSIC_DISC_STAL			
MUSIC_DISC_STRAD		Music Disc Strad	1		MUSIC_DISC_STRAD			
MUSIC_DISC_WARD		Music Disc Ward	1		MUSIC_DISC_WARD			
MUSIC_DISC_11		Music Disc 11	1		MUSIC_DISC_11			
MUSIC_DISC_WAIT		Music Disc Wait	1		MUSIC_DISC_WAIT			
MUSIC_DISC_PIGSTEP		Music Disc Pigstep	1		MUSIC_DISC_PIGSTEP			
TRIDENT		Trident	1		TRIDENT			
PHANTOM_MEMBRANE		Phantom Membrane	1		PHANTOM_MEMBRANE			
NAUTILUS_SHELL		Nautilus Shell	1		NAUTILUS_SHELL			
HEART_OF_THE_SEA		Heart Of The Sea	1		HEART_OF_THE_SEA			
CROSSBOW		Crossbow	1		CROSSBOW			
SUSPICIOUS_STEW		Suspicious Stew	1		SUSPICIOUS_STEW			
LOOM		Loom	1		LOOM			
FLOWER_BANNER_PATTERN		Flower Banner Pattern	1		FLOWER_BANNER_PATTERN			
CREEPER_BANNER_PATTERN		Creeper Banner Pattern	1		CREEPER_BANNER_PATTERN			
SKULL_BANNER_PATTERN		Skull Banner Pattern	1		SKULL_BANNER_PATTERN			
MOJANG_BANNER_PATTERN		Mojang Banner Pattern	1		MOJANG_BANNER_PATTERN			
GLOBE_BANNER_PATTERN		Globe Banner Pattern	1		GLOBE_BANNER_PATTERN			
PIGLIN_BANNER_PATTERN		Piglin Banner Pattern	1		PIGLIN_BANNER_PATTERN			
COMPOSTER		Composter	1		COMPOSTER			
BARREL		Barrel	1		BARREL			
SMOKER		Smoker	1		SMOKER			
BLAST_FURNACE		Blast Furnace	1		BLAST_FURNACE			
CARTOGRAPHY_TABLE		Cartography Table	1		CARTOGRAPHY_TABLE			
FLETCHING_TABLE		Fletching Table	1		FLETCHING_TABLE			
GRINDSTONE		Grindstone	1		GRINDSTONE			
LECTERN		Lectern	1		LECTERN			
SMITHING_TABLE		Smithing Table	1		SMITHING_TABLE			
STONECUTTER		Stonecutter	1		STONECUTTER			
BELL		Bell	1		BELL			
LANTERN		Lantern	1		LANTERN			
SOUL_LANTERN		Soul Lantern	1		SOUL_LANTERN			
SWEET_BERRIES		Sweet Berries	1		SWEET_BERRIES			
CAMPFIRE		Campfire	1		CAMPFIRE			
SOUL_CAMPFIRE		Soul Campfire	1		SOUL_CAMPFIRE			
SHROOMLIGHT		Shroomlight	1		SHROOMLIGHT			
HONEYCOMB		Honeycomb	1		HONEYCOMB			
BEE_NEST		Bee Nest	1		BEE_NEST			
BEEHIVE		Beehive	1		BEEHIVE			
HONEY_BOTTLE		Honey Bottle	1		HONEY_BOTTLE			
HONEY_BLOCK		Honey Block	1		HONEY_BLOCK			
HONEYCOMB_BLOCK		Honeycomb Block	1		HONEYCOMB_BLOCK			
LODESTONE		Lodestone	1		LODESTONE			
NETHERITE_BLOCK		Netherite Block	1		NETHERITE_BLOCK			
ANCIENT_DEBRIS		Ancient Debris	1		ANCIENT_DEBRIS			
TARGET		Target	1		TARGET			
CRYING_OBSIDIAN		Crying Obsidian	1		CRYING_OBSIDIAN			
BLACKSTONE		Blackstone	1		BLACKSTONE			
BLACKSTONE_SLAB		Blackstone Slab	1		BLACKSTONE_SLAB			
BLACKSTONE_STAIRS		Blackstone Stairs	1		BLACKSTONE_STAIRS			
GILDED_BLACKSTONE		Gilded Blackstone	1		GILDED_BLACKSTONE			
POLISHED_BLACKSTONE		Polished Blackstone	1		POLISHED_BLACKSTONE			
POLISHED_BLACKSTONE_SLAB		Polished Blackstone Slab	1		POLISHED_BLACKSTONE_SLAB			
POLISHED_BLACKSTONE_STAIRS		Polished Blackstone Stairs	1		POLISHED_BLACKSTONE_STAIRS			
CHISELED_POLISHED_BLACKSTONE		Chiseled Polished Blackstone	1		CHISELED_POLISHED_BLACKSTONE			
POLISHED_BLACKSTONE_BRICKS		Polished Blackstone Bricks	1		POLISHED_BLACKSTONE_BRICKS			
POLISHED_BLACKSTONE_BRICK_SLAB		Polished Blackstone Brick Slab	1		POLISHED_BLACKSTONE_BRICK_SLAB			
POLISHED_BLACKSTONE_BRICK_STAIRS		Polished Blackstone Brick Stairs	1		POLISHED_BLACKSTONE_BRICK_STAIRS			
CRACKED_POLISHED_BLACKSTONE_BRICKS		Cracked Polished Blackstone Bricks	1		CRACKED_POLISHED_BLACKSTONE_BRICKS			
RESPAWN_ANCHOR		Respawn Anchor	1		RESPAWN_ANCHOR			
COMPACT_COBBLE		Compact Cobblestone	2		COBBLESTONE			
COMPACT_DIAMOND_SWORD		Compact Diamond Sword	2	A sword made of compacted diamonds	DIAMOND_SWORD	Sword	Damage	50
